AggTypeName,AggValueCode,AggValueName,PropertyTypeName,DateYyyyMm,PriceTier1,PriceTier3,PriceTier5,HPISA,HPINorm2000,yyyymm,hpi
MSA,19804,"Detroit-Dearborn-Livonia, MI",All Property Types,200302,73907,148520,365010,162669,114.70120011940526,200302,162669
MSA,19804,"Detroit-Dearborn-Livonia, MI",All Property Types,200303,74890,149174,365454,163193,115.25713812653152,200303,163193
MSA,19804,"Detroit-Dearborn-Livonia, MI",All Property Types,200304,75510,149921,366342,163670,115.82151424425662,200304,163670
MSA,19804,"Detroit-Dearborn-Livonia, MI",All Property Types,200305,75973,150590,367022,163728,116.33194834299216,200305,163728
MSA,19804,"Detroit-Dearborn-Livonia, MI",All Property Types,200306,76250,151225,367556,163519,116.79316184598922,200306,163519
MSA,19804,"Detroit-Dearborn-Livonia, MI",All Property Types,200307,76047,151122,366538,163068,116.55782498446372,200307,163068
MSA,19804,"Detroit-Dearborn-Livonia, MI",All Property Types,200308,75331,150378,364721,162585,115.76033778063481,200308,162585
MSA,19804,"Detroit-Dearborn-Livonia, MI",All Property Types,200309,75394,150232,365862,162917,115.93158068922524,200309,162917
MSA,19804,"Detroit-Dearborn-Livonia, MI",All Property Types,200310,75217,150264,366403,163402,115.9642007640112,200310,163402
MSA,19804,"Detroit-Dearborn-Livonia, MI",All Property Types,200311,74894,149834,366108,163788,115.68727759411092,200311,163788
MSA,19804,"Detroit-Dearborn-Livonia, MI",All Property Types,200312,74833,150417,367298,164132,116.04617845749674,200312,164132
MSA,19804,"Detroit-Dearborn-Livonia, MI",All Property Types,200401,74574,150263,366869,164283,115.90781251726405,200401,164283
MSA,19804,"Detroit-Dearborn-Livonia, MI",All Property Types,200402,74884,150852,366713,164688,116.26540170916519,200402,164688
MSA,19804,"Detroit-Dearborn-Livonia, MI",All Property Types,200403,75178,151145,365405,164828,116.41540724530384,200403,164828
MSA,19804,"Detroit-Dearborn-Livonia, MI",All Property Types,200404,75323,151240,364769,164741,116.47404182520602,200404,164741
MSA,19804,"Detroit-Dearborn-Livonia, MI",All Property Types,200405,75729,151799,366046,164857,116.96939061978991,200405,164857
MSA,19804,"Detroit-Dearborn-Livonia, MI",All Property Types,200406,76472,152690,368545,165212,117.87993515806828,200406,165212
MSA,19804,"Detroit-Dearborn-Livonia, MI",All Property Types,200407,77127,153098,369973,165617,118.36737749474923,200407,165617
MSA,19804,"Detroit-Dearborn-Livonia, MI",All Property Types,200408,77196,152913,369215,165912,118.19377655846375,200408,165912
MSA,19804,"Detroit-Dearborn-Livonia, MI",All Property Types,200409,77571,152566,368868,166054,118.20888178506388,200409,166054
MSA,19804,"Detroit-Dearborn-Livonia, MI",All Property Types,200410,77785,152383,368696,166556,118.22094480740249,200410,166556
MSA,19804,"Detroit-Dearborn-Livonia, MI",All Property Types,200411,78038,152127,368897,167427,118.18013842270582,200411,167427
MSA,19804,"Detroit-Dearborn-Livonia, MI",All Property Types,200412,78701,153214,372062,168292,119.06547029913004,200412,168292
MSA,19804,"Detroit-Dearborn-Livonia, MI",All Property Types,200501,78982,153459,372911,168876,119.23807725629571,200501,168876
MSA,19804,"Detroit-Dearborn-Livonia, MI",All Property Types,200502,79590,153985,373029,169337,119.61495218883806,200502,169337
MSA,19804,"Detroit-Dearborn-Livonia, MI",All Property Types,200503,80098,154177,372143,169578,119.71606420547273,200503,169578
MSA,19804,"Detroit-Dearborn-Livonia, MI",All Property Types,200504,80427,154536,371993,169560,119.81691889391593,200504,169560
MSA,19804,"Detroit-Dearborn-Livonia, MI",All Property Types,200505,80849,154974,372326,169394,120.09948937732295,200505,169394
MSA,19804,"Detroit-Dearborn-Livonia, MI",All Property Types,200506,81540,155606,373486,169253,120.69195064058975,200506,169253
MSA,19804,"Detroit-Dearborn-Livonia, MI",All Property Types,200507,82397,156054,374977,169617,121.23564171459684,200507,169617
MSA,19804,"Detroit-Dearborn-Livonia, MI",All Property Types,200508,82584,155586,374140,169656,120.9432467676949,200508,169656
MSA,19804,"Detroit-Dearborn-Livonia, MI",All Property Types,200509,82975,155261,373460,169653,120.94128599563025,200509,169653
MSA,19804,"Detroit-Dearborn-Livonia, MI",All Property Types,200510,82878,154698,372010,169720,120.59921503060278,200510,169720
MSA,19804,"Detroit-Dearborn-Livonia, MI",All Property Types,200511,82416,153244,369369,169653,119.67086136781464,200511,169653
MSA,19804,"Detroit-Dearborn-Livonia, MI",All Property Types,200512,83101,154254,372224,170430,120.58541433542554,200512,170430
MSA,19804,"Detroit-Dearborn-Livonia, MI",All Property Types,200601,83557,154055,372748,170887,120.67422641688061,200601,170887
MSA,19804,"Detroit-Dearborn-Livonia, MI",All Property Types,200602,84022,153739,370844,170651,120.52195147586447,200602,170651
MSA,19804,"Detroit-Dearborn-Livonia, MI",All Property Types,200603,83966,152395,366776,169562,119.56009531826615,200603,169562
MSA,19804,"Detroit-Dearborn-Livonia, MI",All Property Types,200604,83408,151624,363551,168042,118.63544125280903,200604,168042
MSA,19804,"Detroit-Dearborn-Livonia, MI",All Property Types,200605,83388,151612,362220,167050,118.37945669131483,200605,167050
MSA,19804,"Detroit-Dearborn-Livonia, MI",All Property Types,200606,83864,152119,362014,166355,118.68364850285356,200606,166355
MSA,19804,"Detroit-Dearborn-Livonia, MI",All Property Types,200607,83690,151592,359736,165260,118.12729142699361,200607,165260
MSA,19804,"Detroit-Dearborn-Livonia, MI",All Property Types,200608,83409,151524,358024,164925,117.66743005873323,200608,164925
MSA,19804,"Detroit-Dearborn-Livonia, MI",All Property Types,200609,83535,151045,356617,164328,117.3573365834222,200609,164328
MSA,19804,"Detroit-Dearborn-Livonia, MI",All Property Types,200610,82973,150067,354502,163813,116.55804730108386,200610,163813
MSA,19804,"Detroit-Dearborn-Livonia, MI",All Property Types,200611,81737,148111,350397,162927,114.976311142527,200611,162927
MSA,19804,"Detroit-Dearborn-Livonia, MI",All Property Types,200612,81009,148294,350667,162466,114.86134585527894,200612,162466
MSA,19804,"Detroit-Dearborn-Livonia, MI",All Property Types,200701,79717,147143,348834,161558,113.86058907572784,200701,161558
MSA,19804,"Detroit-Dearborn-Livonia, MI",All Property Types,200702,78255,146219,345557,160148,112.81108658720602,200702,160148
MSA,19804,"Detroit-Dearborn-Livonia, MI",All Property Types,200703,76300,144531,340817,157914,111.06052405490902,200703,157914
MSA,19804,"Detroit-Dearborn-Livonia, MI",All Property Types,200704,74169,143745,338350,155668,109.86748445857269,200704,155668
MSA,19804,"Detroit-Dearborn-Livonia, MI",All Property Types,200705,71818,142274,335247,152765,108.28139271834996,200705,152765
MSA,19804,"Detroit-Dearborn-Livonia, MI",All Property Types,200706,69469,141030,333341,149675,106.85130052703255,200706,149675
MSA,19804,"Detroit-Dearborn-Livonia, MI",All Property Types,200707,66369,139443,330587,146444,104.85698387895435,200707,146444
MSA,19804,"Detroit-Dearborn-Livonia, MI",All Property Types,200708,62540,137049,325689,142938,102.08665417033215,200708,142938
MSA,19804,"Detroit-Dearborn-Livonia, MI",All Property Types,200709,59332,134949,322866,139571,99.892864438002292,200709,139571
MSA,19804,"Detroit-Dearborn-Livonia, MI",All Property Types,200710,55405,131551,316830,135571,96.560095924212007,200710,135571
MSA,19804,"Detroit-Dearborn-Livonia, MI",All Property Types,200711,51460,127700,310347,131650,92.974006922686158,200711,131650
MSA,19804,"Detroit-Dearborn-Livonia, MI",All Property Types,200712,48009,124832,305766,127557,90.010343884684289,200712,127557
MSA,19804,"Detroit-Dearborn-Livonia, MI",All Property Types,200801,44800,121362,299159,123555,86.745809638687845,200801,123555
MSA,19804,"Detroit-Dearborn-Livonia, MI",All Property Types,200802,42104,118445,293096,119589,83.827605288787026,200802,119589
MSA,19804,"Detroit-Dearborn-Livonia, MI",All Property Types,200803,39954,115674,287614,115886,81.193505561359416,200803,115886
MSA,19804,"Detroit-Dearborn-Livonia, MI",All Property Types,200804,38170,113909,283964,112494,79.223910186266096,200804,112494
MSA,19804,"Detroit-Dearborn-Livonia, MI",All Property Types,200805,36785,112393,281608,109708,77.697953266588712,200805,109708
MSA,19804,"Detroit-Dearborn-Livonia, MI",All Property Types,200806,35728,111592,281861,107388,76.660522523942305,200806,107388
MSA,19804,"Detroit-Dearborn-Livonia, MI",All Property Types,200807,34441,110209,280821,104981,75.241824801542833,200807,104981
MSA,19804,"Detroit-Dearborn-Livonia, MI",All Property Types,200808,32681,107619,276855,102076,72.951710258263162,200808,102076
MSA,19804,"Detroit-Dearborn-Livonia, MI",All Property Types,200809,31279,105994,274828,99389.3,71.180347598389176,200809,99389.3
MSA,19804,"Detroit-Dearborn-Livonia, MI",All Property Types,200810,29465,102999,269160,96100.8,68.478283080585541,200810,96100.8
MSA,19804,"Detroit-Dearborn-Livonia, MI",All Property Types,200811,27607,99382,262068,92762.2,65.498783340785707,200811,92762.2
MSA,19804,"Detroit-Dearborn-Livonia, MI",All Property Types,200812,26160,97079,257195,89889.8,63.294140151015597,200812,89889.8
MSA,19804,"Detroit-Dearborn-Livonia, MI",All Property Types,200901,24816,94373,250958,87196.5,60.981983801693971,200901,87196.5
MSA,19804,"Detroit-Dearborn-Livonia, MI",All Property Types,200902,23787,92125,245433,84665.8,59.099283480552842,200902,84665.8
MSA,19804,"Detroit-Dearborn-Livonia, MI",All Property Types,200903,23143,90124,241222,82549.7,57.692879227468588,200903,82549.7
MSA,19804,"Detroit-Dearborn-Livonia, MI",All Property Types,200904,22824,89386,239582,81127.1,57.137881056986082,200904,81127.1
MSA,19804,"Detroit-Dearborn-Livonia, MI",All Property Types,200905,22688,88826,238987,80212.9,56.856259866639761,200905,80212.9
MSA,19804,"Detroit-Dearborn-Livonia, MI",All Property Types,200906,22665,88535,239039,79490.6,56.730386654560746,200906,79490.6
MSA,19804,"Detroit-Dearborn-Livonia, MI",All Property Types,200907,22718,88535,240237,79382.1,56.854958545017972,200907,79382.1
MSA,19804,"Detroit-Dearborn-Livonia, MI",All Property Types,200908,22690,88060,240202,79393.9,56.735959466469986,200908,79393.9
MSA,19804,"Detroit-Dearborn-Livonia, MI",All Property Types,200909,22862,88192,240856,79596,56.899979885372652,200909,79596
MSA,19804,"Detroit-Dearborn-Livonia, MI",All Property Types,200910,22981,88181,241038,80072,57.02372776056167,200910,80072
MSA,19804,"Detroit-Dearborn-Livonia, MI",All Property Types,200911,23000,87460,239890,80391.5,56.797621537721298,200911,80391.5
MSA,19804,"Detroit-Dearborn-Livonia, MI",All Property Types,200912,22903,86743,238061,80148.3,56.348148893386586,200912,80148.3
MSA,19804,"Detroit-Dearborn-Livonia, MI",All Property Types,201001,22797,85754,236150,80057.8,55.817530509907229,201001,80057.8
MSA,19804,"Detroit-Dearborn-Livonia, MI",All Property Types,201002,23029,86044,237403,80549.9,56.108291746074158,201002,80549.9
MSA,19804,"Detroit-Dearborn-Livonia, MI",All Property Types,201003,23603,86804,240518,81317.6,56.884896479189386,201003,81317.6
MSA,19804,"Detroit-Dearborn-Livonia, MI",All Property Types,201004,24242,88268,244654,82075.5,57.994515561522533,201004,82075.5
MSA,19804,"Detroit-Dearborn-Livonia, MI",All Property Types,201005,24632,88903,246671,82329.3,58.541139186491897,201005,82329.3
MSA,19804,"Detroit-Dearborn-Livonia, MI",All Property Types,201006,24840,89199,247777,82075.9,58.752274172030269,201006,82075.9
MSA,19804,"Detroit-Dearborn-Livonia, MI",All Property Types,201007,24796,88766,248144,81736.2,58.59397742272678,201007,81736.2
MSA,19804,"Detroit-Dearborn-Livonia, MI",All Property Types,201008,24625,87947,247656,81357.9,58.202124904347862,201008,81357.9
MSA,19804,"Detroit-Dearborn-Livonia, MI",All Property Types,201009,24582,87328,247588,81085.4,57.909017355908162,201009,81085.4
MSA,19804,"Detroit-Dearborn-Livonia, MI",All Property Types,201010,24521,86645,247291,80991,57.582833838553896,201010,80991
MSA,19804,"Detroit-Dearborn-Livonia, MI",All Property Types,201011,24372,85385,246264,80790.7,56.977793426669777,201011,80790.7
MSA,19804,"Detroit-Dearborn-Livonia, MI",All Property Types,201012,24197,84509,245211,80381.2,56.447651541108442,201012,80381.2
MSA,19804,"Detroit-Dearborn-Livonia, MI",All Property Types,201101,23882,82934,242314,79735.7,55.545860179584885,201101,79735.7
MSA,19804,"Detroit-Dearborn-Livonia, MI",All Property Types,201102,23680,81883,240419,79001.2,54.974961450346349,201102,79001.2
MSA,19804,"Detroit-Dearborn-Livonia, MI",All Property Types,201103,23841,81792,240938,78691.1,55.059698245905487,201103,78691.1
MSA,19804,"Detroit-Dearborn-Livonia, MI",All Property Types,201104,24130,82563,243081,78698.3,55.636039799560692,201104,78698.3
MSA,19804,"Detroit-Dearborn-Livonia, MI",All Property Types,201105,24337,83026,244936,78853.4,56.089513217300649,201105,78853.4
MSA,19804,"Detroit-Dearborn-Livonia, MI",All Property Types,201106,24620,84018,247941,79178.6,56.794750789329171,201106,79178.6
MSA,19804,"Detroit-Dearborn-Livonia, MI",All Property Types,201107,24507,84155,248868,79248.9,56.858320353456115,201107,79248.9
MSA,19804,"Detroit-Dearborn-Livonia, MI",All Property Types,201108,24478,84657,250357,79676.5,57.09926004622654,201108,79676.5
MSA,19804,"Detroit-Dearborn-Livonia, MI",All Property Types,201109,24422,84803,250741,79947.5,57.087226958718006,201109,79947.5
MSA,19804,"Detroit-Dearborn-Livonia, MI",All Property Types,201110,24233,84672,250320,80136.4,56.852627084932394,201110,80136.4
MSA,19804,"Detroit-Dearborn-Livonia, MI",All Property Types,201111,24016,84013,249888,80291,56.444314013898989,201111,80291
MSA,19804,"Detroit-Dearborn-Livonia, MI",All Property Types,201112,23953,84137,250521,80584.5,56.441568776538418,201112,80584.5
MSA,19804,"Detroit-Dearborn-Livonia, MI",All Property Types,201201,23830,83968,249689,80830.6,56.227368512672079,201201,80830.6
MSA,19804,"Detroit-Dearborn-Livonia, MI",All Property Types,201202,24081,84916,251553,81564.5,56.793830013975921,201202,81564.5
MSA,19804,"Detroit-Dearborn-Livonia, MI",All Property Types,201203,24585,86270,254104,82276.6,57.684461748364548,201203,82276.6
MSA,19804,"Detroit-Dearborn-Livonia, MI",All Property Types,201204,25082,87793,256851,82853.3,58.682725444769765,201204,82853.3
MSA,19804,"Detroit-Dearborn-Livonia, MI",All Property Types,201205,25496,88769,258883,83455.5,59.442276347870482,201205,83455.5
MSA,19804,"Detroit-Dearborn-Livonia, MI",All Property Types,201206,26060,90551,262709,84390.6,60.643117744548093,201206,84390.6
MSA,19804,"Detroit-Dearborn-Livonia, MI",All Property Types,201207,26224,91380,264403,85130.9,61.196785904633458,201207,85130.9
MSA,19804,"Detroit-Dearborn-Livonia, MI",All Property Types,201208,26301,91934,265221,85739.6,61.520261870571304,201208,85739.6
MSA,19804,"Detroit-Dearborn-Livonia, MI",All Property Types,201209,26378,92044,264842,86288.8,61.570621583224828,201209,86288.8
MSA,19804,"Detroit-Dearborn-Livonia, MI",All Property Types,201210,26433,92196,264924,87067.7,61.617496637391376,201210,87067.7
MSA,19804,"Detroit-Dearborn-Livonia, MI",All Property Types,201211,26527,92066,265663,87948.7,61.640947545401637,201211,87948.7
MSA,19804,"Detroit-Dearborn-Livonia, MI",All Property Types,201212,26748,92617,267025,88725.4,61.981842618072683,201212,88725.4
MSA,19804,"Detroit-Dearborn-Livonia, MI",All Property Types,201301,27042,93421,268750,89875.2,62.510939931962682,201301,89875.2
MSA,19804,"Detroit-Dearborn-Livonia, MI",All Property Types,201302,27516,94732,271317,91102.1,63.456964442218599,201302,91102.1
MSA,19804,"Detroit-Dearborn-Livonia, MI",All Property Types,201303,28462,97093,276253,92789.9,65.138359018743003,201303,92789.9
MSA,19804,"Detroit-Dearborn-Livonia, MI",All Property Types,201304,29452,100019,282290,94625.8,67.150399004734368,201304,94625.8
MSA,19804,"Detroit-Dearborn-Livonia, MI",All Property Types,201305,30281,101928,286374,96086.2,68.595542288658066,201305,96086.2
MSA,19804,"Detroit-Dearborn-Livonia, MI",All Property Types,201306,31057,103958,291014,97353.4,70.054547591254988,201306,97353.4
MSA,19804,"Detroit-Dearborn-Livonia, MI",All Property Types,201307,31450,105052,294095,98519,70.925970924716466,201307,98519
MSA,19804,"Detroit-Dearborn-Livonia, MI",All Property Types,201308,31703,106023,296705,99649.6,71.590109514461034,201308,99649.6
MSA,19804,"Detroit-Dearborn-Livonia, MI",All Property Types,201309,31831,106444,297569,100679,71.854885240812621,201309,100679
MSA,19804,"Detroit-Dearborn-Livonia, MI",All Property Types,201310,31633,106235,296703,101350,71.589563327354554,201310,101350
MSA,19804,"Detroit-Dearborn-Livonia, MI",All Property Types,201311,31505,105638,296569,101986,71.264368257396555,201311,101986
MSA,19804,"Detroit-Dearborn-Livonia, MI",All Property Types,201312,31784,106372,299528,102947,71.825425033563846,201312,102947
MSA,19804,"Detroit-Dearborn-Livonia, MI",All Property Types,201401,31912,106515,300844,103532,72.055466641759736,201401,103532
MSA,19804,"Detroit-Dearborn-Livonia, MI",All Property Types,201402,32123,107023,302323,103911,72.513405697623341,201402,103911
MSA,19804,"Detroit-Dearborn-Livonia, MI",All Property Types,201403,32706,108102,304896,104404,73.408344173658122,201403,104404
MSA,19804,"Detroit-Dearborn-Livonia, MI",All Property Types,201404,33256,109572,307553,104865,74.459685726349761,201404,104865
MSA,19804,"Detroit-Dearborn-Livonia, MI",All Property Types,201405,33878,110889,309718,105509,75.413733463603663,201405,105509
MSA,19804,"Detroit-Dearborn-Livonia, MI",All Property Types,201406,34427,112312,312322,106024,76.361505822241099,201406,106024
MSA,19804,"Detroit-Dearborn-Livonia, MI",All Property Types,201407,34782,113271,314071,106852,77.02216663513515,201407,106852
MSA,19804,"Detroit-Dearborn-Livonia, MI",All Property Types,201408,34974,113612,314015,107489,77.283591574466953,201408,107489
MSA,19804,"Detroit-Dearborn-Livonia, MI",All Property Types,201409,34847,112922,310817,107685,76.788790089841569,201409,107685
MSA,19804,"Detroit-Dearborn-Livonia, MI",All Property Types,201410,34636,112060,307337,108014,76.129114633771394,201410,108014
MSA,19804,"Detroit-Dearborn-Livonia, MI",All Property Types,201411,34456,110881,305056,108208,75.40769241375753,201411,108208
MSA,19804,"Detroit-Dearborn-Livonia, MI",All Property Types,201412,34790,111025,305821,108754,75.676843734182711,201412,108754
MSA,19804,"Detroit-Dearborn-Livonia, MI",All Property Types,201501,35452,111865,308256,109942,76.478331980899753,201501,109942
MSA,19804,"Detroit-Dearborn-Livonia, MI",All Property Types,201502,36229,113364,311632,111077,77.648026896432938,201502,111077
MSA,19804,"Detroit-Dearborn-Livonia, MI",All Property Types,201503,37050,114821,314556,111883,78.793820721725581,201503,111883
MSA,19804,"Detroit-Dearborn-Livonia, MI",All Property Types,201504,37680,116381,317494,112407,79.915280216546137,201504,112407
MSA,19804,"Detroit-Dearborn-Livonia, MI",All Property Types,201505,38264,117515,319978,112894,80.805262720325615,201505,112894
MSA,19804,"Detroit-Dearborn-Livonia, MI",All Property Types,201506,38797,118887,323773,113396,81.826022059785842,201506,113396
MSA,19804,"Detroit-Dearborn-Livonia, MI",All Property Types,201507,38822,119109,325310,113690,82.026506038669154,201507,113690
MSA,19804,"Detroit-Dearborn-Livonia, MI",All Property Types,201508,38660,119064,325259,113981,81.930812576679841,201508,113981
MSA,19804,"Detroit-Dearborn-Livonia, MI",All Property Types,201509,38344,118450,323340,114220,81.396243356742787,201509,114220
MSA,19804,"Detroit-Dearborn-Livonia, MI",All Property Types,201510,37785,117119,319418,114275,80.365285505268517,201510,114275
MSA,19804,"Detroit-Dearborn-Livonia, MI",All Property Types,201511,37468,116235,317747,114556,79.712506076211824,201511,114556
MSA,19804,"Detroit-Dearborn-Livonia, MI",All Property Types,201512,37805,116981,319407,115349,80.198149383630906,201512,115349
MSA,19804,"Detroit-Dearborn-Livonia, MI",All Property Types,201601,38149,117901,321090,116217,80.783457144266222,201601,116217
MSA,19804,"Detroit-Dearborn-Livonia, MI",All Property Types,201602,38679,119133,323342,116866,81.720975894343525,201602,116866
MSA,19804,"Detroit-Dearborn-Livonia, MI",All Property Types,201603,39388,120559,325913,117605,82.847744641823482,201603,117605
MSA,19804,"Detroit-Dearborn-Livonia, MI",All Property Types,201604,40072,122681,329626,118520,84.328024996342137,201604,118520
MSA,19804,"Detroit-Dearborn-Livonia, MI",All Property Types,201605,40831,124311,332864,119431,85.590019739600805,201605,119431
MSA,19804,"Detroit-Dearborn-Livonia, MI",All Property Types,201606,41526,126193,336979,120264,86.918218881600012,201606,120264
MSA,19804,"Detroit-Dearborn-Livonia, MI",All Property Types,201607,41617,126582,338292,120826,87.266978851259836,201607,120826
MSA,19804,"Detroit-Dearborn-Livonia, MI",All Property Types,201608,41350,126255,337083,121107,87.040072084244997,201608,121107
MSA,19804,"Detroit-Dearborn-Livonia, MI",All Property Types,201609,40962,125591,334521,121450,86.487506864614318,201609,121450
MSA,19804,"Detroit-Dearborn-Livonia, MI",All Property Types,201610,40367,124275,330073,121533,85.357460125809979,201610,121533
MSA,19804,"Detroit-Dearborn-Livonia, MI",All Property Types,201611,40239,123784,329495,122141,84.974505592628404,201611,122141
MSA,19804,"Detroit-Dearborn-Livonia, MI",All Property Types,201612,40547,124484,330617,122868,85.369671481828746,201612,122868
MSA,19804,"Detroit-Dearborn-Livonia, MI",All Property Types,201701,40910,125392,331517,123663,85.833444504895255,201701,123663
MSA,19804,"Detroit-Dearborn-Livonia, MI",All Property Types,201702,41835,127516,335827,124924,87.382487299971316,201702,124924
MSA,19804,"Detroit-Dearborn-Livonia, MI",All Property Types,201703,42934,129689,340240,126413,89.103658054063018,201703,126413
MSA,19804,"Detroit-Dearborn-Livonia, MI",All Property Types,201704,44083,132452,345685,128020,91.152513629441444,201704,128020
MSA,19804,"Detroit-Dearborn-Livonia, MI",All Property Types,201705,45454,134812,350914,129789,93.089434181092997,201705,129789
MSA,19804,"Detroit-Dearborn-Livonia, MI",All Property Types,201706,46676,137131,356607,131250,94.932248595360051,201706,131250
MSA,19804,"Detroit-Dearborn-Livonia, MI",All Property Types,201707,47120,137729,358469,132228,95.530293810907978,201707,132228
MSA,19804,"Detroit-Dearborn-Livonia, MI",All Property Types,201708,47080,137311,357233,132783,95.417026656786106,201708,132783
MSA,19804,"Detroit-Dearborn-Livonia, MI",All Property Types,201709,46585,135887,353035,132825,94.495882665092566,201709,132825
MSA,19804,"Detroit-Dearborn-Livonia, MI",All Property Types,201710,46085,134461,348955,133170,93.518413505888844,201710,133170
MSA,19804,"Detroit-Dearborn-Livonia, MI",All Property Types,201711,46172,133753,347802,133958,93.228029375689545,201711,133958
MSA,19804,"Detroit-Dearborn-Livonia, MI",All Property Types,201712,46717,134247,348408,134856,93.688020729269496,201712,134856
MSA,19804,"Detroit-Dearborn-Livonia, MI",All Property Types,201801,47313,134929,349274,135860,94.282183830468554,201801,135860
MSA,19804,"Detroit-Dearborn-Livonia, MI",All Property Types,201802,48617,137472,354302,137460,96.268254076036342,201802,137460
MSA,19804,"Detroit-Dearborn-Livonia, MI",All Property Types,201803,49894,139773,358275,139009,98.083970026997648,201803,139009
MSA,19804,"Detroit-Dearborn-Livonia, MI",All Property Types,201804,51166,142697,363591,140568,100.1780185251866,201804,140568
MSA,19804,"Detroit-Dearborn-Livonia, MI",All Property Types,201805,52348,144607,367642,141801,101.67750418138203,201805,141801
MSA,19804,"Detroit-Dearborn-Livonia, MI",All Property Types,201806,53307,146287,372002,142545,103.01889591548215,201806,142545
MSA,19804,"Detroit-Dearborn-Livonia, MI",All Property Types,201807,53528,146147,372834,142959,103.15899231551026,201807,142959
MSA,19804,"Detroit-Dearborn-Livonia, MI",All Property Types,201808,53284,145739,371276,143283,102.82651268175363,201808,143283
MSA,19804,"Detroit-Dearborn-Livonia, MI",All Property Types,201809,52900,144782,368462,143535,102.09658511019259,201809,143535
MSA,19804,"Detroit-Dearborn-Livonia, MI",All Property Types,201810,52439,143501,365293,143998,101.24121768092758,201810,143998
MSA,19804,"Detroit-Dearborn-Livonia, MI",All Property Types,201811,52182,142090,362576,144066,100.36640372360057,201811,144066
MSA,19804,"Detroit-Dearborn-Livonia, MI",All Property Types,201812,52365,142160,362448,144322,100.3232447012482,201812,144322
MSA,19804,"Detroit-Dearborn-Livonia, MI",All Property Types,201901,52650,142678,362289,144815,100.60713271324238,201901,144815
MSA,19804,"Detroit-Dearborn-Livonia, MI",All Property Types,201902,53710,145006,365648,145785,102.23172234445985,201902,145785
MSA,19804,"Detroit-Dearborn-Livonia, MI",All Property Types,201903,54859,147095,368174,146959,103.76729198473915,201903,146959
MSA,19804,"Detroit-Dearborn-Livonia, MI",All Property Types,201904,56056,149612,371566,148134,105.54844974698754,201904,148134
MSA,19804,"Detroit-Dearborn-Livonia, MI",All Property Types,201905,57171,151532,374394,149475,106.99334342388214,201905,149475
MSA,19804,"Detroit-Dearborn-Livonia, MI",All Property Types,201906,58166,153239,377382,150179,108.35153248460101,201906,150179
MSA,19804,"Detroit-Dearborn-Livonia, MI",All Property Types,201907,58039,152634,374598,149793,107.93178608499818,201907,149793
MSA,19804,"Detroit-Dearborn-Livonia, MI",All Property Types,201908,57681,151758,369785,149517,107.1573400872079,201908,149517
MSA,19804,"Detroit-Dearborn-Livonia, MI",All Property Types,201909,57552,151152,365841,149736,106.52297037797176,201909,149736
MSA,19804,"Detroit-Dearborn-Livonia, MI",All Property Types,201910,56966,149371,361467,149744,105.33275721197425,201910,149744
MSA,19804,"Detroit-Dearborn-Livonia, MI",All Property Types,201911,56851,148158,359898,150010,104.64529908618519,201911,150010
MSA,19804,"Detroit-Dearborn-Livonia, MI",All Property Types,201912,57470,148825,362109,151049,105.13996337387259,201912,151049
MSA,19804,"Detroit-Dearborn-Livonia, MI",All Property Types,202001,58335,150446,365431,152605,106.26008022809035,202001,152605
MSA,19804,"Detroit-Dearborn-Livonia, MI",All Property Types,202002,59819,153577,372022,154467,108.54131284845379,202002,154467
MSA,19804,"Detroit-Dearborn-Livonia, MI",All Property Types,202003,61052,155594,375577,155790,110.09046803191409,202003,155790
MSA,19804,"Detroit-Dearborn-Livonia, MI",All Property Types,202004,62451,157902,379704,157074,111.87918238886812,202004,157074
MSA,19804,"Detroit-Dearborn-Livonia, MI",All Property Types,202005,63354,158488,380317,157853,112.57228574400602,202005,157853
MSA,19804,"Detroit-Dearborn-Livonia, MI",All Property Types,202006,65199,161490,386829,160009,114.96359245127825,202006,160009
MSA,19804,"Detroit-Dearborn-Livonia, MI",All Property Types,202007,67136,164628,393357,163208,117.42070078683955,202007,163208
MSA,19804,"Detroit-Dearborn-Livonia, MI",All Property Types,202008,68285,166802,395738,166056,118.98226746753868,202008,166056
MSA,19804,"Detroit-Dearborn-Livonia, MI",All Property Types,202009,69078,168224,397431,168511,119.92929535081697,202009,168511
MSA,19804,"Detroit-Dearborn-Livonia, MI",All Property Types,202010,69299,168554,399238,170760,120.29940601518088,202010,170760
MSA,19804,"Detroit-Dearborn-Livonia, MI",All Property Types,202011,69993,169306,403409,173004,121.07388267960152,202011,173004
MSA,19804,"Detroit-Dearborn-Livonia, MI",All Property Types,202012,70716,170145,407067,174505,121.7827111238368,202012,174505
MSA,19804,"Detroit-Dearborn-Livonia, MI",All Property Types,202101,71464,171533,410683,175892,122.7779030609212,202101,175892
MSA,19804,"Detroit-Dearborn-Livonia, MI",All Property Types,202102,72552,173865,415663,176949,124.43729449766643,202102,176949
City,12207,"DETROIT, MI",All Property Types,200302,74385,134231,318502,138185,114.05240461360199,200302,138185
City,12207,"DETROIT, MI",All Property Types,200303,75364,134567,318577,138764,114.77330919717461,200303,138764
City,12207,"DETROIT, MI",All Property Types,200304,76019,135197,319267,139244,115.41145597723863,200304,139244
City,12207,"DETROIT, MI",All Property Types,200305,76520,135831,319832,139351,115.95148337221082,200305,139351
City,12207,"DETROIT, MI",All Property Types,200306,76953,136582,320624,139231,116.54626510451732,200306,139231
City,12207,"DETROIT, MI",All Property Types,200307,76824,136132,319838,138864,116.30643429928278,200307,138864
City,12207,"DETROIT, MI",All Property Types,200308,76238,135287,318548,138541,115.58383621728699,200308,138541
City,12207,"DETROIT, MI",All Property Types,200309,76367,135132,319871,138949,115.81554977365354,200309,138949
City,12207,"DETROIT, MI",All Property Types,200310,76239,134973,320515,139411,115.8161020265465,200310,139411
City,12207,"DETROIT, MI",All Property Types,200311,76031,134740,320270,139879,115.62694392430481,200311,139879
City,12207,"DETROIT, MI",All Property Types,200312,76137,135207,321323,140308,116.04562510751649,200312,140308
City,12207,"DETROIT, MI",All Property Types,200401,76031,135261,321269,140664,116.05160142693924,200401,140664
City,12207,"DETROIT, MI",All Property Types,200402,76602,135845,321860,141276,116.74627916731555,200402,141276
City,12207,"DETROIT, MI",All Property Types,200403,76948,136069,320881,141497,117.02082680013979,200403,141497
City,12207,"DETROIT, MI",All Property Types,200404,77168,136353,320570,141547,117.20030510466933,200404,141547
City,12207,"DETROIT, MI",All Property Types,200405,77659,136902,322217,141756,117.7889108757106,200405,141756
City,12207,"DETROIT, MI",All Property Types,200406,78531,137734,325017,142120,118.84788107302549,200406,142120
City,12207,"DETROIT, MI",All Property Types,200407,79169,137937,326647,142532,119.38542823530646,200407,142532
City,12207,"DETROIT, MI",All Property Types,200408,79222,138004,326547,142933,119.32657980388322,200408,142933
City,12207,"DETROIT, MI",All Property Types,200409,79455,137854,326708,143212,119.40683485978654,200409,143212
City,12207,"DETROIT, MI",All Property Types,200410,79634,137664,327401,143843,119.52087839254075,200410,143843
City,12207,"DETROIT, MI",All Property Types,200411,79929,137528,328351,144866,119.67314393012096,200411,144866
City,12207,"DETROIT, MI",All Property Types,200412,80757,138495,331708,145891,120.77012940236771,200412,145891
City,12207,"DETROIT, MI",All Property Types,200501,81016,138838,332615,146506,120.97912297334805,200501,146506
City,12207,"DETROIT, MI",All Property Types,200502,81675,139208,333208,146958,121.49513754502577,200502,146958
City,12207,"DETROIT, MI",All Property Types,200503,82114,138999,332347,147114,121.60027418972111,200503,147114
City,12207,"DETROIT, MI",All Property Types,200504,82420,139067,331868,147055,121.68194241122035,200504,147055
City,12207,"DETROIT, MI",All Property Types,200505,82774,139255,331812,146763,121.86403699690207,200505,146763
City,12207,"DETROIT, MI",All Property Types,200506,83451,139787,332893,146516,122.47174344967988,200506,146516
City,12207,"DETROIT, MI",All Property Types,200507,84161,139748,334225,146719,122.94217322141783,200507,146719
City,12207,"DETROIT, MI",All Property Types,200508,84077,138945,333122,146583,122.46602047374392,200508,146583
City,12207,"DETROIT, MI",All Property Types,200509,84081,138307,332086,146339,122.18324194933636,200509,146339
City,12207,"DETROIT, MI",All Property Types,200510,83729,137438,330814,146213,121.62219393914886,200510,146213
City,12207,"DETROIT, MI",All Property Types,200511,83078,135774,328433,145980,120.50528651812489,200511,145980
City,12207,"DETROIT, MI",All Property Types,200512,83737,136386,331024,146577,121.35085326379895,200512,146577
City,12207,"DETROIT, MI",All Property Types,200601,84092,136072,331317,146998,121.41938428911989,200601,146998
City,12207,"DETROIT, MI",All Property Types,200602,84440,135445,329822,146745,121.27865973102654,200602,146745
City,12207,"DETROIT, MI",All Property Types,200603,84204,133738,325949,145625,120.23001653048773,200603,145625
City,12207,"DETROIT, MI",All Property Types,200604,83473,132643,322516,144074,119.08670598297495,200604,144074
City,12207,"DETROIT, MI",All Property Types,200605,83276,132358,320928,142921,118.62921873946874,200605,142921
City,12207,"DETROIT, MI",All Property Types,200606,83496,132343,320547,141916,118.71036329822773,200606,141916
City,12207,"DETROIT, MI",All Property Types,200607,82893,131005,317892,140405,117.69122234185765,200607,140405
City,12207,"DETROIT, MI",All Property Types,200608,81963,129912,315006,139333,116.50125918879664,200608,139333
City,12207,"DETROIT, MI",All Property Types,200609,81275,128351,311995,137877,115.33201644185706,200609,137877
City,12207,"DETROIT, MI",All Property Types,200610,79888,126087,308012,136215,113.46429023005689,200610,136215
City,12207,"DETROIT, MI",All Property Types,200611,77842,122969,302180,134051,110.73140343240779,200611,134051
City,12207,"DETROIT, MI",All Property Types,200612,76258,121344,299696,131885,109.13377650481566,200612,131885
City,12207,"DETROIT, MI",All Property Types,200701,73800,118179,294386,128896,106.26494453987465,200701,128896
City,12207,"DETROIT, MI",All Property Types,200702,71099,114472,287367,125141,103.12486007515463,200702,125141
City,12207,"DETROIT, MI",All Property Types,200703,67859,109804,278258,120429,99.157847753892554,200703,120429
City,12207,"DETROIT, MI",All Property Types,200704,64385,105806,270349,115405,95.336892173161075,200704,115405
City,12207,"DETROIT, MI",All Property Types,200705,60787,101336,261834,109801,91.160598460399441,200705,109801
City,12207,"DETROIT, MI",All Property Types,200706,57229,96619,253981,103977,87.041649248277551,200706,103977
City,12207,"DETROIT, MI",All Property Types,200707,53172,91506,245422,98117.2,82.407805354623036,200707,98117.2
City,12207,"DETROIT, MI",All Property Types,200708,48631,85969,235022,92153.8,77.14522693883778,200708,92153.8
City,12207,"DETROIT, MI",All Property Types,200709,44747,81007,226201,86516.7,72.533947395879252,200709,86516.7
City,12207,"DETROIT, MI",All Property Types,200710,40539,75196,215522,80693.5,67.28700618048839,200710,80693.5
City,12207,"DETROIT, MI",All Property Types,200711,36558,69557,204864,75213.9,62.170217878110144,200711,75213.9
City,12207,"DETROIT, MI",All Property Types,200712,33172,64693,195873,69997.4,57.796079305805925,200712,69997.4
City,12207,"DETROIT, MI",All Property Types,200801,30092,59795,186046,65194,53.516138671411639,200801,65194
City,12207,"DETROIT, MI",All Property Types,200802,27516,55401,176870,60741.6,49.76672865785482,200802,60741.6
City,12207,"DETROIT, MI",All Property Types,200803,25466,51490,168744,56812.8,46.567471669054889,200803,56812.8
City,12207,"DETROIT, MI",All Property Types,200804,23760,48341,162218,53365.8,43.961097900007864,200804,53365.8
City,12207,"DETROIT, MI",All Property Types,200805,22446,45836,157039,50538.6,41.906228532804036,200805,50538.6
City,12207,"DETROIT, MI",All Property Types,200806,21454,43872,154152,48239.5,40.374224697120766,200806,48239.5
City,12207,"DETROIT, MI",All Property Types,200807,20384,41938,150944,46103.9,38.758256361219914,200807,46103.9
City,12207,"DETROIT, MI",All Property Types,200808,19081,39668,146398,43892.4,36.769775239613224,200808,43892.4
City,12207,"DETROIT, MI",All Property Types,200809,18027,37761,143124,41916.3,35.160962928490548,200809,41916.3
City,12207,"DETROIT, MI",All Property Types,200810,16827,35480,138302,39843.7,33.239290245035988,200810,39843.7
City,12207,"DETROIT, MI",All Property Types,200811,15661,33294,133082,37895.3,31.321010787409008,200811,37895.3
City,12207,"DETROIT, MI",All Property Types,200812,14761,31662,129209,36255.8,29.870532415626684,200812,36255.8
City,12207,"DETROIT, MI",All Property Types,200901,13936,30133,124885,34825.4,28.469409476905383,200901,34825.4
City,12207,"DETROIT, MI",All Property Types,200902,13333,28956,121239,33589.5,27.394329763082968,200902,33589.5
City,12207,"DETROIT, MI",All Property Types,200903,12979,28101,118452,32614,26.657753251507906,200903,32614
City,12207,"DETROIT, MI",All Property Types,200904,12809,27811,117030,31967.8,26.331355996601886,200904,31967.8
City,12207,"DETROIT, MI",All Property Types,200905,12778,27756,116328,31595.2,26.221946955578623,200905,31595.2
City,12207,"DETROIT, MI",All Property Types,200906,12810,27785,116041,31323.9,26.204822619392353,200906,31323.9
City,12207,"DETROIT, MI",All Property Types,200907,12883,27992,116421,31328.9,26.309944564858888,200907,31328.9
City,12207,"DETROIT, MI",All Property Types,200908,12893,28052,116126,31391.2,26.286319344907817,200908,31391.2
City,12207,"DETROIT, MI",All Property Types,200909,13002,28224,116199,31543.3,26.401963693707398,200909,31543.3
City,12207,"DETROIT, MI",All Property Types,200910,13108,28411,116170,31836.2,26.541595990105009,200910,31836.2
City,12207,"DETROIT, MI",All Property Types,200911,13160,28453,115580,32082.4,26.538356246930505,200911,32082.4
City,12207,"DETROIT, MI",All Property Types,200912,13157,28341,114785,32120.1,26.437540212835213,200912,32120.1
City,12207,"DETROIT, MI",All Property Types,201001,13132,28155,113916,32227.5,26.279401325221503,201001,32227.5
City,12207,"DETROIT, MI",All Property Types,201002,13309,28390,114658,32580.9,26.522315223348375,201002,32580.9
City,12207,"DETROIT, MI",All Property Types,201003,13706,28831,116417,33085.9,27.070632057210382,201003,33085.9
City,12207,"DETROIT, MI",All Property Types,201004,14152,29541,118856,33614.3,27.786613596172273,201004,33614.3
City,12207,"DETROIT, MI",All Property Types,201005,14476,30025,120372,33948.2,28.270928194025867,201005,33948.2
City,12207,"DETROIT, MI",All Property Types,201006,14689,30329,121597,34060,28.579772599349283,201006,34060
City,12207,"DETROIT, MI",All Property Types,201007,14749,30468,122559,34141.3,28.688894549962303,201007,34141.3
City,12207,"DETROIT, MI",All Property Types,201008,14730,30428,123037,34212,28.671088807714511,201008,34212
City,12207,"DETROIT, MI",All Property Types,201009,14759,30397,123659,34317.3,28.68738979702195,201009,34317.3
City,12207,"DETROIT, MI",All Property Types,201010,14808,30394,124192,34533.1,28.736732067936828,201010,34533.1
City,12207,"DETROIT, MI",All Property Types,201011,14812,30259,124390,34712.8,28.666386217877303,201011,34712.8
City,12207,"DETROIT, MI",All Property Types,201012,14792,30143,124475,34760,28.590431602408611,201012,34760
City,12207,"DETROIT, MI",All Property Types,201101,14638,29781,123300,34658.2,28.251441923132926,201101,34658.2
City,12207,"DETROIT, MI",All Property Types,201102,14536,29594,122517,34469.2,28.041052539241502,201102,34469.2
City,12207,"DETROIT, MI",All Property Types,201103,14652,29702,122815,34419.7,28.170326432033121,201103,34419.7
City,12207,"DETROIT, MI",All Property Types,201104,14854,30171,124051,34505.9,28.543980915057709,201104,34505.9
City,12207,"DETROIT, MI",All Property Types,201105,15000,30581,124968,34611.3,28.835368865010174,201105,34611.3
City,12207,"DETROIT, MI",All Property Types,201106,15195,31100,126667,34787.1,29.249320293688839,201106,34787.1
City,12207,"DETROIT, MI",All Property Types,201107,15138,31173,127326,34823.5,29.279294146997465,201107,34823.5
City,12207,"DETROIT, MI",All Property Types,201108,15127,31272,128320,35027.5,29.400282100250578,201108,35027.5
City,12207,"DETROIT, MI",All Property Types,201109,15084,31143,128802,35158.8,29.383716137440647,201109,35158.8
City,12207,"DETROIT, MI",All Property Types,201110,14975,30931,128860,35253.8,29.266954821254359,201110,35253.8
City,12207,"DETROIT, MI",All Property Types,201111,14857,30640,128953,35338.7,29.08140608316037,201111,35338.7
City,12207,"DETROIT, MI",All Property Types,201112,14848,30588,129673,35490.7,29.115261486309702,201112,35490.7
City,12207,"DETROIT, MI",All Property Types,201201,14776,30383,129484,35631,29.00606684319828,201201,35631
City,12207,"DETROIT, MI",All Property Types,201202,14929,30672,130613,36000.4,29.307314225521676,201202,36000.4
City,12207,"DETROIT, MI",All Property Types,201203,15263,31186,132106,36391.4,29.849061119514015,201203,36391.4
City,12207,"DETROIT, MI",All Property Types,201204,15611,31898,133865,36761.8,30.473651464605904,201204,36761.8
City,12207,"DETROIT, MI",All Property Types,201205,15907,32544,135152,37136.8,30.988128405147151,201205,37136.8
City,12207,"DETROIT, MI",All Property Types,201206,16284,33391,137427,37630,31.696560236755062,201206,37630
City,12207,"DETROIT, MI",All Property Types,201207,16393,33853,138571,37997,32.006575471885618,201207,37997
City,12207,"DETROIT, MI",All Property Types,201208,16431,34079,139172,38287.5,32.168884122819406,201208,38287.5
City,12207,"DETROIT, MI",All Property Types,201209,16454,34076,139227,38557.7,32.19804203586915,201209,38557.7
City,12207,"DETROIT, MI",All Property Types,201210,16463,34046,139444,38913.4,32.216901314589578,201210,38913.4
City,12207,"DETROIT, MI",All Property Types,201211,16493,34011,139945,39299.5,32.231867587845542,201211,39299.5
City,12207,"DETROIT, MI",All Property Types,201212,16617,34168,140843,39623.9,32.4194872936392,201212,39623.9
City,12207,"DETROIT, MI",All Property Types,201301,16751,34403,141877,40116.6,32.657650671405023,201301,40116.6
City,12207,"DETROIT, MI",All Property Types,201302,16980,34962,143203,40624.5,33.092403475683987,201302,40624.5
City,12207,"DETROIT, MI",All Property Types,201303,17496,35860,145683,41312.2,33.942168135000301,201303,41312.2
City,12207,"DETROIT, MI",All Property Types,201304,18029,37040,148784,42053.6,34.935781281541715,201304,42053.6
City,12207,"DETROIT, MI",All Property Types,201305,18446,37903,150701,42613,35.644028581341551,201305,42613
City,12207,"DETROIT, MI",All Property Types,201306,18830,38770,153103,43086.6,36.339107036120168,201306,43086.6
City,12207,"DETROIT, MI",All Property Types,201307,18984,39335,154848,43509.6,36.707585048645583,201307,43509.6
City,12207,"DETROIT, MI",All Property Types,201308,19055,39655,156283,43911.7,36.941826495428558,201308,43911.7
City,12207,"DETROIT, MI",All Property Types,201309,19043,39712,156818,44267.2,36.973018623632555,201309,44267.2
City,12207,"DETROIT, MI",All Property Types,201310,18858,39446,156456,44462.4,36.733394336469551,201310,44462.4
City,12207,"DETROIT, MI",All Property Types,201311,18740,39178,156604,44689.2,36.530318511693416,201311,44689.2
City,12207,"DETROIT, MI",All Property Types,201312,18897,39464,158558,45073.7,36.828031548050468,201312,45073.7
City,12207,"DETROIT, MI",All Property Types,201401,18917,39578,159448,45286.3,36.888631589736143,201401,45286.3
City,12207,"DETROIT, MI",All Property Types,201402,18986,39915,160444,45422,37.072232715765573,201402,45422
City,12207,"DETROIT, MI",All Property Types,201403,19313,40485,162215,45664.8,37.588653818240402,201403,45664.8
City,12207,"DETROIT, MI",All Property Types,201404,19615,41220,164008,45889.2,38.151215928550855,201404,45889.2
City,12207,"DETROIT, MI",All Property Types,201405,19956,41848,165504,46200.7,38.699050333973922,201405,46200.7
City,12207,"DETROIT, MI",All Property Types,201406,20237,42400,167291,46431.5,39.192805897190489,201406,46431.5
City,12207,"DETROIT, MI",All Property Types,201407,20419,42869,168950,46838.7,39.5695353952798,201407,46838.7
City,12207,"DETROIT, MI",All Property Types,201408,20487,43007,169504,47158.8,39.705165692928347,201408,47158.8
City,12207,"DETROIT, MI",All Property Types,201409,20362,42722,168442,47289,39.456939385614582,201409,47289
City,12207,"DETROIT, MI",All Property Types,201410,20210,42267,167320,47500.2,39.1544756738788,201410,47500.2
City,12207,"DETROIT, MI",All Property Types,201411,20076,41713,166775,47640.2,38.82947501439849,201411,47640.2
City,12207,"DETROIT, MI",All Property Types,201412,20292,41859,168136,47984.7,39.10074208858412,201412,47984.7
City,12207,"DETROIT, MI",All Property Types,201501,20649,42231,170116,48618,39.584859360290096,201501,48618
City,12207,"DETROIT, MI",All Property Types,201502,21058,42794,172513,49176.8,40.218853312156405,201502,49176.8
City,12207,"DETROIT, MI",All Property Types,201503,21498,43295,174658,49543.2,40.859416274458056,201503,49543.2
City,12207,"DETROIT, MI",All Property Types,201504,21816,43853,176636,49750,41.416386743091735,201504,49750
City,12207,"DETROIT, MI",All Property Types,201505,22093,44280,178298,49906.2,41.862370046230161,201505,49906.2
City,12207,"DETROIT, MI",All Property Types,201506,22343,44834,180710,50062.3,42.340847017510491,201506,50062.3
City,12207,"DETROIT, MI",All Property Types,201507,22298,44917,181959,50096.2,42.36609165171005,201507,50096.2
City,12207,"DETROIT, MI",All Property Types,201508,22116,44707,182084,50100.7,42.173885309192691,201508,50100.7
City,12207,"DETROIT, MI",All Property Types,201509,21853,44200,181120,50088.3,41.763039717405839,201509,50088.3
City,12207,"DETROIT, MI",All Property Types,201510,21460,43381,179123,49982.9,41.106075867756999,201510,49982.9
City,12207,"DETROIT, MI",All Property Types,201511,21210,42771,178329,49964.1,40.660781465899426,201511,49964.1
City,12207,"DETROIT, MI",All Property Types,201512,21349,42835,179479,50173.9,40.848818740374014,201512,50173.9
City,12207,"DETROIT, MI",All Property Types,201601,21441,42913,180329,50405.6,40.999624225975332,201601,50405.6
City,12207,"DETROIT, MI",All Property Types,201602,21643,43344,181569,50545.7,41.35572318118723,201602,50545.7
City,12207,"DETROIT, MI",All Property Types,201603,21969,43871,183148,50742.5,41.867520438695244,201603,50742.5
City,12207,"DETROIT, MI",All Property Types,201604,22276,44681,185094,50993.6,42.482451484990094,201604,50993.6
City,12207,"DETROIT, MI",All Property Types,201605,22623,45324,186858,51252.2,43.046600491689325,201605,51252.2
City,12207,"DETROIT, MI",All Property Types,201606,22928,45936,189065,51461.8,43.593497609888537,201606,51461.8
City,12207,"DETROIT, MI",All Property Types,201607,22921,46113,189964,51567,43.661649036749083,201607,51567
City,12207,"DETROIT, MI",All Property Types,201608,22701,45950,189335,51553.8,43.397667932883778,201608,51553.8
City,12207,"DETROIT, MI",All Property Types,201609,22414,45534,187816,51572.5,42.967155321462172,201609,51572.5
City,12207,"DETROIT, MI",All Property Types,201610,22026,44696,185436,51503.3,42.295807603275946,201610,51503.3
City,12207,"DETROIT, MI",All Property Types,201611,21906,44236,185201,51672.9,42.042610369942743,201611,51672.9
City,12207,"DETROIT, MI",All Property Types,201612,22075,44301,186257,51955.2,42.269959855829306,201612,51955.2
City,12207,"DETROIT, MI",All Property Types,201701,22225,44372,186895,52292.4,42.466289305440682,201701,52292.4
City,12207,"DETROIT, MI",All Property Types,201702,22687,45172,189633,52824.2,43.242536773577058,201702,52824.2
City,12207,"DETROIT, MI",All Property Types,201703,23246,46096,192557,53459.8,44.140901764984633,201703,53459.8
City,12207,"DETROIT, MI",All Property Types,201704,23806,47261,195834,54145.3,45.138055684824209,201704,54145.3
City,12207,"DETROIT, MI",All Property Types,201705,24485,48305,199148,54917.6,46.160508867519376,201705,54917.6
City,12207,"DETROIT, MI",All Property Types,201706,25100,49218,202698,55568,47.107588108057307,201706,55568
City,12207,"DETROIT, MI",All Property Types,201707,25341,49594,204475,56059.3,47.484030770960167,201707,56059.3
City,12207,"DETROIT, MI",All Property Types,201708,25296,49628,204357,56367.4,47.447319401849931,201708,56367.4
City,12207,"DETROIT, MI",All Property Types,201709,25002,49173,202328,56429.7,46.966688887069949,201709,56429.7
City,12207,"DETROIT, MI",All Property Types,201710,24731,48675,200588,56648.7,46.508842730827944,201710,56648.7
City,12207,"DETROIT, MI",All Property Types,201711,24810,48543,200631,57131.8,46.508266128647861,201711,57131.8
City,12207,"DETROIT, MI",All Property Types,201712,25149,48814,201742,57664,46.914402213015229,201712,57664
City,12207,"DETROIT, MI",All Property Types,201801,25478,49139,202727,58296.7,47.326161010580883,201801,58296.7
City,12207,"DETROIT, MI",All Property Types,201802,26235,50399,206556,59201.5,48.533234686213625,201802,59201.5
City,12207,"DETROIT, MI",All Property Types,201803,26973,51545,209756,60077.6,49.662186556348878,201803,60077.6
City,12207,"DETROIT, MI",All Property Types,201804,27683,52857,213454,60951,50.857397361000963,201804,60951
City,12207,"DETROIT, MI",All Property Types,201805,28357,53802,216551,61686.9,51.834362395032649,201805,61686.9
City,12207,"DETROIT, MI",All Property Types,201806,28930,54629,219841,62210.6,52.701875536250874,201806,62210.6
City,12207,"DETROIT, MI",All Property Types,201807,29089,54812,221010,62546.1,52.913846808946261,201807,62546.1
City,12207,"DETROIT, MI",All Property Types,201808,28967,54693,220590,62794.1,52.780541493534628,201808,62794.1
City,12207,"DETROIT, MI",All Property Types,201809,28764,54248,219138,63001.7,52.424267034683524,201809,63001.7
City,12207,"DETROIT, MI",All Property Types,201810,28526,53833,217646,63303.2,52.032125067103486,201810,63303.2
City,12207,"DETROIT, MI",All Property Types,201811,28422,53305,216426,63432.9,51.700966101963942,201811,63432.9
City,12207,"DETROIT, MI",All Property Types,201812,28575,53175,216755,63613.8,51.803377106064076,201812,63613.8
City,12207,"DETROIT, MI",All Property Types,201901,28712,53233,216642,63924.8,51.946152142111224,201901,63924.8
City,12207,"DETROIT, MI",All Property Types,201902,29356,54236,219278,64491.3,52.948929925065954,201902,64491.3
City,12207,"DETROIT, MI",All Property Types,201903,30035,55145,221408,65179.7,53.922756043888228,201903,65179.7
City,12207,"DETROIT, MI",All Property Types,201904,30702,56283,223742,65875.8,54.958344220106426,201904,65875.8
City,12207,"DETROIT, MI",All Property Types,201905,31371,57291,226081,66677.9,55.925162274136952,201905,66677.9
City,12207,"DETROIT, MI",All Property Types,201906,31997,58285,228473,67220.4,56.841188050035285,201906,67220.4
City,12207,"DETROIT, MI",All Property Types,201907,31994,58321,227505,67237.7,56.784460619561486,201907,67237.7
City,12207,"DETROIT, MI",All Property Types,201908,31836,58104,225259,67317.7,56.494559280733213,201908,67317.7
City,12207,"DETROIT, MI",All Property Types,201909,31804,57773,223348,67640.3,56.291430360043037,201909,67640.3
City,12207,"DETROIT, MI",All Property Types,201910,31548,57351,221322,67885.5,55.829615424128065,201910,67885.5
City,12207,"DETROIT, MI",All Property Types,201911,31581,57145,221074,68271.9,55.726206393453182,201911,68271.9
City,12207,"DETROIT, MI",All Property Types,201912,32032,57533,223302,69005.9,56.296906362896756,201912,69005.9
City,12207,"DETROIT, MI",All Property Types,202001,32475,58145,225394,69933.7,56.959973265245992,202001,69933.7
City,12207,"DETROIT, MI",All Property Types,202002,33378,59750,230179,71017.1,58.440732864973491,202002,71017.1
City,12207,"DETROIT, MI",All Property Types,202003,34095,60835,232922,71855,59.495133584140881,202003,71855
City,12207,"DETROIT, MI",All Property Types,202004,34861,62113,235635,72675.7,60.617965266161612,202004,72675.7
City,12207,"DETROIT, MI",All Property Types,202005,35366,62796,236424,73255.8,61.214588843588267,202005,73255.8
City,12207,"DETROIT, MI",All Property Types,202006,36385,64357,240780,74470.2,62.694884093514744,202006,74470.2
City,12207,"DETROIT, MI",All Property Types,202007,37476,65838,245625,76229.7,64.267644564509965,202007,76229.7
City,12207,"DETROIT, MI",All Property Types,202008,38117,66921,247958,77833.7,65.292414077566889,202008,77833.7
City,12207,"DETROIT, MI",All Property Types,202009,38589,67593,249780,79299.6,66.021059022165048,202009,79299.6
City,12207,"DETROIT, MI",All Property Types,202010,38762,68155,251809,80679.5,66.448884859521158,202010,80679.5
City,12207,"DETROIT, MI",All Property Types,202011,39228,68910,255436,82082.8,67.206008400223141,202011,82082.8
City,12207,"DETROIT, MI",All Property Types,202012,39785,69588,259226,83173.6,68.040311035602841,202012,83173.6
City,12207,"DETROIT, MI",All Property Types,202101,40117,70173,261566,84061.5,68.628128093867218,202101,84061.5
City,12207,"DETROIT, MI",All Property Types,202102,40874,71557,265925,84851,69.900721466455948,202102,84851
Nation,0,United States,All Property Types,200302,74299,183907,541818,192301,126.0795484787301,200302,192301
Nation,0,United States,All Property Types,200303,75003,185304,546010,193295,127.09252011417516,200303,193295
Nation,0,United States,All Property Types,200304,75892,186996,550550,194373,128.27831078570105,200304,194373
Nation,0,United States,All Property Types,200305,76647,188671,555589,195505,129.45886709052525,200305,195505
Nation,0,United States,All Property Types,200306,77444,190485,561107,196890,130.73903193303522,200306,196890
Nation,0,United States,All Property Types,200307,78169,192329,566588,198473,131.9715560948147,200307,198473
Nation,0,United States,All Property Types,200308,78590,193664,570181,199952,132.83815161879463,200308,199952
Nation,0,United States,All Property Types,200309,78901,194706,572187,201399,133.48530626955076,200309,201399
Nation,0,United States,All Property Types,200310,79242,195804,575886,203039,134.21213268550522,200310,203039
Nation,0,United States,All Property Types,200311,79571,196760,579441,204713,134.87755716930246,200311,204713
Nation,0,United States,All Property Types,200312,79900,197736,583385,206447,135.58623022234511,200312,206447
Nation,0,United States,All Property Types,200401,80220,198745,587590,208136,136.30694604401282,200401,208136
Nation,0,United States,All Property Types,200402,80990,200773,595424,210141,137.74885574529759,200402,210141
Nation,0,United States,All Property Types,200403,82138,203364,604633,212358,139.63655077488494,200403,212358
Nation,0,United States,All Property Types,200404,83420,206323,614823,214744,141.77221664564121,200404,214744
Nation,0,United States,All Property Types,200405,84724,209409,624236,217173,143.91583946443646,200405,217173
Nation,0,United States,All Property Types,200406,85915,212196,632049,219429,145.82294799127652,200406,219429
Nation,0,United States,All Property Types,200407,86994,214598,637717,221567,147.40754885568944,200407,221567
Nation,0,United States,All Property Types,200408,87850,216391,641092,223570,148.59031907518232,200408,223570
Nation,0,United States,All Property Types,200409,88478,217757,643059,225409,149.42803306000738,200409,225409
Nation,0,United States,All Property Types,200410,89107,219108,646738,227464,150.35031422717964,200410,227464
Nation,0,United States,All Property Types,200411,89737,220521,651172,229759,151.32922374383421,200411,229759
Nation,0,United States,All Property Types,200412,90274,221985,656295,232060,152.3429801150875,200412,232060
Nation,0,United States,All Property Types,200501,90928,223644,662202,234450,153.54089587424588,200501,234450
Nation,0,United States,All Property Types,200502,92022,226168,671172,236968,155.33197294251553,200502,236968
Nation,0,United States,All Property Types,200503,93397,229196,680547,239470,157.49817107266787,200503,239470
Nation,0,United States,All Property Types,200504,94931,232607,690571,242121,159.86447918792533,200504,242121
Nation,0,United States,All Property Types,200505,96438,235900,699778,244644,162.15650478007802,200505,244644
Nation,0,United States,All Property Types,200506,97917,239116,707831,247214,164.32914964940926,200506,247214
Nation,0,United States,All Property Types,200507,99148,241929,714560,249785,166.17870547416743,200507,249785
Nation,0,United States,All Property Types,200508,100073,244040,718633,252090,167.54708123211594,200508,252090
Nation,0,United States,All Property Types,200509,100970,245654,720941,254284,168.629593725013,200509,254284
Nation,0,United States,All Property Types,200510,101487,246633,721830,256015,169.26586022861051,200510,256015
Nation,0,United States,All Property Types,200511,101765,247013,721432,257350,169.47067030836644,200511,257350
Nation,0,United States,All Property Types,200512,101956,247336,722063,258555,169.70356273525007,200512,258555
Nation,0,United States,All Property Types,200601,102326,247861,724724,259767,170.16673789750374,200601,259767
Nation,0,United States,All Property Types,200602,102977,248990,728515,260846,170.98677934811158,200602,260846
Nation,0,United States,All Property Types,200603,103970,250704,732957,261783,172.23452280207977,200603,261783
Nation,0,United States,All Property Types,200604,104814,252235,736223,262399,173.28335476687457,200604,262399
Nation,0,United States,All Property Types,200605,105811,253515,739406,262813,174.2813888307839,200605,262813
Nation,0,United States,All Property Types,200606,106529,254288,740883,262942,174.86942417851367,200606,262942
Nation,0,United States,All Property Types,200607,106804,254197,738870,262795,174.82673665909221,200607,262795
Nation,0,United States,All Property Types,200608,106911,253954,736395,262806,174.65325917830597,200608,262806
Nation,0,United States,All Property Types,200609,106850,253144,732507,262592,174.1072901935726,200609,262592
Nation,0,United States,All Property Types,200610,106647,252360,729938,262623,173.59083794184031,200610,262623
Nation,0,United States,All Property Types,200611,106290,251018,725798,262395,172.71317057939658,200611,262395
Nation,0,United States,All Property Types,200612,106105,250475,725134,262733,172.38438911022118,200612,262733
Nation,0,United States,All Property Types,200701,106126,250512,726614,263316,172.49161030562064,200701,263316
Nation,0,United States,All Property Types,200702,106069,250393,728260,263172,172.45328587301921,200702,263172
Nation,0,United States,All Property Types,200703,106477,251093,731726,262994,173.00611215845026,200703,262994
Nation,0,United States,All Property Types,200704,106669,251399,733838,262450,173.27889291542701,200704,262450
Nation,0,United States,All Property Types,200705,106956,251613,736221,261702,173.56220030590327,200705,261702
Nation,0,United States,All Property Types,200706,106916,251214,737440,260635,173.38617441982836,200706,260635
Nation,0,United States,All Property Types,200707,106566,250032,735033,259471,172.65767151553081,200707,259471
Nation,0,United States,All Property Types,200708,105767,248122,730724,257941,171.41519956935255,200708,257941
Nation,0,United States,All Property Types,200709,104918,245818,723840,256152,169.88297836775186,200709,256152
Nation,0,United States,All Property Types,200710,103622,243049,717040,254192,167.99571893267401,200710,254192
Nation,0,United States,All Property Types,200711,102510,240296,709872,252345,166.14257587943604,200711,252345
Nation,0,United States,All Property Types,200712,101431,237878,704392,250821,164.53897015101722,200712,250821
Nation,0,United States,All Property Types,200801,100504,235724,698504,249183,163.08034372728372,200801,249183
Nation,0,United States,All Property Types,200802,99752,234144,694833,247364,161.95358363250179,200802,247364
Nation,0,United States,All Property Types,200803,99455,233171,692977,245467,161.34249577023738,200803,245467
Nation,0,United States,All Property Types,200804,99124,232305,690537,243670,160.768053775493,200804,243670
Nation,0,United States,All Property Types,200805,98979,231642,689812,241962,160.41962805835763,200805,241962
Nation,0,United States,All Property Types,200806,98628,230843,688258,240308,159.88445251842262,200806,240308
Nation,0,United States,All Property Types,200807,97863,229151,683804,238535,158.70574441375942,200807,238535
Nation,0,United States,All Property Types,200808,96758,227129,678203,236688,157.24363445071819,200808,236688
Nation,0,United States,All Property Types,200809,95602,225034,671463,234748,155.71849576213802,200809,234748
Nation,0,United States,All Property Types,200810,93743,221659,661420,231843,153.24671133778745,200810,231843
Nation,0,United States,All Property Types,200811,91948,218334,651235,228917,150.82207330036937,200811,228917
Nation,0,United States,All Property Types,200812,90051,214846,640511,226101,148.27436595075753,200812,226101
Nation,0,United States,All Property Types,200901,88487,211779,630800,223504,146.08128602155807,200901,223504
Nation,0,United States,All Property Types,200902,87513,209965,624014,221275,144.71105219114062,200902,221275
Nation,0,United States,All Property Types,200903,87192,209222,620123,219444,144.13478048529686,200903,219444
Nation,0,United States,All Property Types,200904,86977,208733,617260,218032,143.78290677035318,200904,218032
Nation,0,United States,All Property Types,200905,87243,209264,618384,217454,144.1560879940196,200905,217454
Nation,0,United States,All Property Types,200906,87439,209895,619982,217271,144.57435164970744,200906,217271
Nation,0,United States,All Property Types,200907,87307,209702,619286,217149,144.43034211678381,200907,217149
Nation,0,United States,All Property Types,200908,86987,209035,616575,216856,143.94699832365251,200908,216856
Nation,0,United States,All Property Types,200909,86814,208646,615203,216906,143.69777917790594,200909,216906
Nation,0,United States,All Property Types,200910,86583,208364,614126,217134,143.47238683810383,200910,217134
Nation,0,United States,All Property Types,200911,86295,207948,612760,217148,143.16403936111374,200911,217148
Nation,0,United States,All Property Types,200912,85286,206026,608440,216272,141.82400943575922,200912,216272
Nation,0,United States,All Property Types,201001,84442,204404,604921,215451,140.71562926890741,201001,215451
Nation,0,United States,All Property Types,201002,84299,204369,605467,215119,140.64532767018306,201002,215119
Nation,0,United States,All Property Types,201003,84683,205239,608820,214969,141.25707915006686,201003,214969
Nation,0,United States,All Property Types,201004,84933,205959,610625,214663,141.72976878170053,201004,214663
Nation,0,United States,All Property Types,201005,85028,206172,612617,213899,141.94416578328898,201005,213899
Nation,0,United States,All Property Types,201006,84624,205562,612246,212558,141.52500815060142,201006,212558
Nation,0,United States,All Property Types,201007,83691,203750,608017,210909,140.24378072779388,201007,210909
Nation,0,United States,All Property Types,201008,82818,202145,603862,209630,139.09879204408278,201008,209630
Nation,0,United States,All Property Types,201009,81943,200509,599232,208449,137.93565557221945,201009,208449
Nation,0,United States,All Property Types,201010,81268,199260,596477,207681,137.08469134270885,201010,207681
Nation,0,United States,All Property Types,201011,80707,198215,594469,207014,136.38041155977825,201011,207014
Nation,0,United States,All Property Types,201012,79850,196607,591610,206348,135.2753497822107,201012,206348
Nation,0,United States,All Property Types,201101,79044,195084,588943,205572,134.22954108870258,201101,205572
Nation,0,United States,All Property Types,201102,78690,194523,589374,204769,133.85614051041404,201102,204769
Nation,0,United States,All Property Types,201103,78831,194689,591612,204014,134.04967786213143,201103,204014
Nation,0,United States,All Property Types,201104,78927,195016,593374,203364,134.28562173502993,201104,203364
Nation,0,United States,All Property Types,201105,79073,195250,595148,202738,134.52146773842702,201105,202738
Nation,0,United States,All Property Types,201106,79157,195492,596312,202311,134.71956441317687,201106,202311
Nation,0,United States,All Property Types,201107,78887,194746,594725,201823,134.24912824134321,201107,201823
Nation,0,United States,All Property Types,201108,78510,193920,591891,201389,133.6608430645957,201108,201389
Nation,0,United States,All Property Types,201109,78019,192996,587621,200922,132.91950786386323,201109,200922
Nation,0,United States,All Property Types,201110,77518,192146,584739,200492,132.25668004687026,201110,200492
Nation,0,United States,All Property Types,201111,77213,191714,583019,200338,131.88813869263504,201111,200338
Nation,0,United States,All Property Types,201112,76732,190733,580480,200283,131.2145607606729,201112,200283
Nation,0,United States,All Property Types,201201,76383,190042,578519,200309,130.70873760638949,201201,200309
Nation,0,United States,All Property Types,201202,76753,190815,581531,200908,131.28240198087929,201202,200908
Nation,0,United States,All Property Types,201203,77683,192550,587404,201756,132.56074960900423,201203,201756
Nation,0,United States,All Property Types,201204,78513,194479,593085,202703,133.87835435185193,201204,202703
Nation,0,United States,All Property Types,201205,79368,196175,598787,203597,135.12500932704413,201205,203597
Nation,0,United States,All Property Types,201206,80088,197741,603317,204520,136.2254651514842,201206,204520
Nation,0,United States,All Property Types,201207,80400,198428,605092,205436,136.7189936414423,201207,205436
Nation,0,United States,All Property Types,201208,80474,198771,605272,206274,136.93442948407159,201208,206274
Nation,0,United States,All Property Types,201209,80524,198964,604808,207162,137.02704970489711,201209,207162
Nation,0,United States,All Property Types,201210,80679,199478,606123,208232,137.33737157463159,201210,208232
Nation,0,United States,All Property Types,201211,80922,200296,608343,209464,137.84242120056561,201211,209464
Nation,0,United States,All Property Types,201212,80851,200433,608889,210537,137.88712375167418,201212,210537
Nation,0,United States,All Property Types,201301,81002,201236,612228,212020,138.37651046640892,201301,212020
Nation,0,United States,All Property Types,201302,81617,202786,618326,213444,139.48189550841414,201302,213444
Nation,0,United States,All Property Types,201303,82816,205356,626333,215034,141.29722940306812,201303,215034
Nation,0,United States,All Property Types,201304,83879,208332,635076,216865,143.24639175388396,201304,216865
Nation,0,United States,All Property Types,201305,85154,211167,643481,218759,145.21953398102539,201305,218759
Nation,0,United States,All Property Types,201306,86239,213604,650569,220558,146.94240615790449,201306,220558
Nation,0,United States,All Property Types,201307,86834,215108,654183,222195,147.93241824931127,201307,222195
Nation,0,United States,All Property Types,201308,87106,215855,655182,223444,148.3848447490733,201308,223444
Nation,0,United States,All Property Types,201309,87252,216089,654917,224498,148.51735800673262,201309,224498
Nation,0,United States,All Property Types,201310,87344,216342,655649,225429,148.68685272981651,201310,225429
Nation,0,United States,All Property Types,201311,87421,216418,656078,226181,148.77195637542422,201311,226181
Nation,0,United States,All Property Types,201312,87412,216289,656781,227149,148.77763168342329,201312,227149
Nation,0,United States,All Property Types,201401,87266,216290,659072,227963,148.79309799654982,201401,227963
Nation,0,United States,All Property Types,201402,87756,217464,664063,228917,149.6235361246128,201402,228917
Nation,0,United States,All Property Types,201403,88798,219477,671110,229858,151.10468612750981,201403,229858
Nation,0,United States,All Property Types,201404,89638,221466,676842,230749,152.45343718591883,201404,230749
Nation,0,United States,All Property Types,201405,90720,223388,681581,231635,153.78415887298581,201405,231635
Nation,0,United States,All Property Types,201406,91622,225050,685354,232584,154.94611400924796,201406,232584
Nation,0,United States,All Property Types,201407,91951,225547,685587,233264,155.2697682336771,201407,233264
Nation,0,United States,All Property Types,201408,92066,225744,685250,233989,155.37567924362787,201408,233989
Nation,0,United States,All Property Types,201409,92045,225546,683555,234654,155.21454541350516,201409,234654
Nation,0,United States,All Property Types,201410,92149,225636,683206,235434,155.26118001737518,201410,235434
Nation,0,United States,All Property Types,201411,92171,225695,683270,236164,155.30190422223797,201411,236164
Nation,0,United States,All Property Types,201412,91983,225592,683081,237007,155.22609172473375,201412,237007
Nation,0,United States,All Property Types,201501,91865,225697,685093,237932,155.31804877201114,201501,237932
Nation,0,United States,All Property Types,201502,92321,226907,690031,238890,156.1566058490483,201502,238890
Nation,0,United States,All Property Types,201503,93598,229355,698467,240212,157.97036144516156,201503,240212
Nation,0,United States,All Property Types,201504,94673,231780,705005,241527,159.62134026932796,201504,241527
Nation,0,United States,All Property Types,201505,95974,234024,711059,242826,161.24697191046255,201505,242826
Nation,0,United States,All Property Types,201506,96899,235805,714423,243875,162.4324704723258,201506,243875
Nation,0,United States,All Property Types,201507,97401,236717,715476,244938,163.02078832443871,201507,244938
Nation,0,United States,All Property Types,201508,97620,237241,714904,245941,163.3028969622662,201508,245941
Nation,0,United States,All Property Types,201509,97646,237198,713548,246795,163.23967966354215,201509,246795
Nation,0,United States,All Property Types,201510,97642,237113,712052,247496,163.17866549298554,201510,247496
Nation,0,United States,All Property Types,201511,97792,237380,711881,248458,163.36037431529428,201511,248458
Nation,0,United States,All Property Types,201512,97747,237431,711518,249453,163.37034534555426,201512,249453
Nation,0,United States,All Property Types,201601,97770,237714,712604,250501,163.53043248849755,201601,250501
Nation,0,United States,All Property Types,201602,98349,239151,716522,251515,164.46523587985064,201602,251515
Nation,0,United States,All Property Types,201603,99686,241630,722987,252705,166.24417075570545,201603,252705
Nation,0,United States,All Property Types,201604,100914,244129,727915,254028,167.91354966151403,201604,254028
Nation,0,United States,All Property Types,201605,102432,246570,732827,255507,169.66326887926112,201605,255507
Nation,0,United States,All Property Types,201606,103671,248655,735048,256817,171.02640890494558,201606,256817
Nation,0,United States,All Property Types,201607,104350,249655,735255,258018,171.70413838141309,201607,258018
Nation,0,United States,All Property Types,201608,104636,249999,733937,258973,171.920588216141,201608,258973
Nation,0,United States,All Property Types,201609,104847,250044,731778,259972,171.93009794161253,201609,259972
Nation,0,United States,All Property Types,201610,105087,250205,731360,260967,172.08002757704955,201610,260967
Nation,0,United States,All Property Types,201611,105341,250550,731355,262077,172.31058995630383,201611,262077
Nation,0,United States,All Property Types,201612,105384,250581,731358,263184,172.35595050461791,201612,263184
Nation,0,United States,All Property Types,201701,105415,250954,732393,264318,172.5292851068441,201701,264318
Nation,0,United States,All Property Types,201702,106305,252949,737980,265777,173.86139027853687,201702,265777
Nation,0,United States,All Property Types,201703,107931,256013,746765,267499,176.07210615123029,201703,267499
Nation,0,United States,All Property Types,201704,109430,258812,753192,269219,178.02564572458121,201704,269219
Nation,0,United States,All Property Types,201705,111085,261320,759250,270895,179.85483477007469,201705,270895
Nation,0,United States,All Property Types,201706,112499,263570,763470,272449,181.38875066864094,201706,272449
Nation,0,United States,All Property Types,201707,113253,264463,763733,273648,182.0391295531642,201707,273648
Nation,0,United States,All Property Types,201708,113607,264902,763681,274790,182.39067358195493,201708,274790
Nation,0,United States,All Property Types,201709,113753,264855,762481,275800,182.3776284509197,201709,275800
Nation,0,United States,All Property Types,201710,114093,265143,763272,276964,182.67441838446757,201710,276964
Nation,0,United States,All Property Types,201711,114409,265633,764355,278366,183.02736379677933,201711,278366
Nation,0,United States,All Property Types,201712,114419,265893,765152,279685,183.16967611963773,201712,279685
Nation,0,United States,All Property Types,201801,114513,266558,767753,281170,183.56856451543001,201801,281170
Nation,0,United States,All Property Types,201802,115542,268892,775340,282870,185.17794493727862,201802,282870
Nation,0,United States,All Property Types,201803,117257,272052,784171,284668,187.49035258154382,201803,284668
Nation,0,United States,All Property Types,201804,118811,275086,790904,286608,189.58847778278425,201804,286608
Nation,0,United States,All Property Types,201805,120512,277490,795936,288356,191.37816961226213,201805,288356
Nation,0,United States,All Property Types,201806,121814,279172,797533,289452,192.5781022892964,201806,289452
Nation,0,United States,All Property Types,201807,122465,279595,796061,290169,192.93086236424094,201807,290169
Nation,0,United States,All Property Types,201808,122843,279672,794255,290855,193.00576213507259,201808,290855
Nation,0,United States,All Property Types,201809,123021,279227,790060,291335,192.67234127321632,201809,291335
Nation,0,United States,All Property Types,201810,123298,279061,787118,291788,192.56487945438761,201810,291788
Nation,0,United States,All Property Types,201811,123214,278354,782508,292069,192.055940592208,201811,292069
Nation,0,United States,All Property Types,201812,123033,277803,779058,292528,191.62782682498516,201812,292528
Nation,0,United States,All Property Types,201901,122914,277741,778600,293277,191.54706810980693,201901,293277
Nation,0,United States,All Property Types,201902,123900,279814,784019,294514,192.95735920558513,201902,294514
Nation,0,United States,All Property Types,201903,125660,282856,792521,296148,195.18887489109983,201903,296148
Nation,0,United States,All Property Types,201904,127268,285538,798170,297957,197.08706115922107,201904,297957
Nation,0,United States,All Property Types,201905,128983,287940,802574,299942,198.82292436295052,201905,299942
Nation,0,United States,All Property Types,201906,130449,289718,804281,301182,200.12850157531395,201906,301182
Nation,0,United States,All Property Types,201907,131090,290386,803173,301910,200.59148379716598,201907,301910
Nation,0,United States,All Property Types,201908,131165,290405,800300,302309,200.50235829394154,201908,302309
Nation,0,United States,All Property Types,201909,131353,290213,797825,302990,200.37677007776847,201909,302990
Nation,0,United States,All Property Types,201910,131676,290628,797632,303913,200.66151143215043,201910,303913
Nation,0,United States,All Property Types,201911,131761,290525,795740,304857,200.54175223701463,201911,304857
Nation,0,United States,All Property Types,201912,132033,290859,795744,306193,200.73022349089956,201912,306193
Nation,0,United States,All Property Types,202001,132238,291461,797966,307604,201.11421855503659,202001,307604
Nation,0,United States,All Property Types,202002,133632,294478,806877,309691,203.18509623002595,202002,309691
Nation,0,United States,All Property Types,202003,135690,297893,815403,311704,205.65606573080916,202003,311704
Nation,0,United States,All Property Types,202004,137199,299789,817068,313035,207.05409590410412,202004,313035
Nation,0,United States,All Property Types,202005,138216,300392,816994,313954,207.65386567306066,202005,313954
Nation,0,United States,All Property Types,202006,140177,303748,824306,316759,210.03270826474386,202006,316759
Nation,0,United States,All Property Types,202007,142251,307771,833512,320664,212.79689093836126,202007,320664
Nation,0,United States,All Property Types,202008,144052,311521,843394,324877,215.41063398121355,202008,324877
Nation,0,United States,All Property Types,202009,145588,314649,852105,328904,217.58617921005791,202009,328904
Nation,0,United States,All Property Types,202010,147090,318001,860645,332723,219.8423928288708,202010,332723
Nation,0,United States,All Property Types,202011,147899,320059,865223,335972,221.18851847770364,202011,335972
Nation,0,United States,All Property Types,202012,148485,322010,870235,339025,222.45143282770172,202012,339025
Nation,0,United States,All Property Types,202101,149026,324484,877910,342192,224.03797738005218,202101,342192
Nation,0,United States,All Property Types,202102,150408,328431,890558,345136,226.68059559178002,202102,345136
